{
  "results": {
    "hendrycksTest-abstract_algebra": {
      "acc": 0.16,
      "acc_stderr": 0.03684529491774709,
      "acc_norm": 0.16,
      "acc_norm_stderr": 0.03684529491774709
    },
    "hendrycksTest-anatomy": {
      "acc": 0.2518518518518518,
      "acc_stderr": 0.03749850709174022,
      "acc_norm": 0.2518518518518518,
      "acc_norm_stderr": 0.03749850709174022
    },
    "hendrycksTest-astronomy": {
      "acc": 0.2894736842105263,
      "acc_stderr": 0.03690677986137283,
      "acc_norm": 0.2894736842105263,
      "acc_norm_stderr": 0.03690677986137283
    },
    "hendrycksTest-business_ethics": {
      "acc": 0.23,
      "acc_stderr": 0.04229525846816506,
      "acc_norm": 0.23,
      "acc_norm_stderr": 0.04229525846816506
    },
    "hendrycksTest-clinical_knowledge": {
      "acc": 0.3018867924528302,
      "acc_stderr": 0.028254200344438665,
      "acc_norm": 0.3018867924528302,
      "acc_norm_stderr": 0.028254200344438665
    },
    "hendrycksTest-college_biology": {
      "acc": 0.2708333333333333,
      "acc_stderr": 0.037161774375660164,
      "acc_norm": 0.2708333333333333,
      "acc_norm_stderr": 0.037161774375660164
    },
    "hendrycksTest-college_chemistry": {
      "acc": 0.29,
      "acc_stderr": 0.045604802157206845,
      "acc_norm": 0.29,
      "acc_norm_stderr": 0.045604802157206845
    },
    "hendrycksTest-college_computer_science": {
      "acc": 0.31,
      "acc_stderr": 0.04648231987117316,
      "acc_norm": 0.31,
      "acc_norm_stderr": 0.04648231987117316
    },
    "hendrycksTest-college_mathematics": {
      "acc": 0.31,
      "acc_stderr": 0.04648231987117316,
      "acc_norm": 0.31,
      "acc_norm_stderr": 0.04648231987117316
    },
    "hendrycksTest-college_medicine": {
      "acc": 0.2658959537572254,
      "acc_stderr": 0.03368762932259431,
      "acc_norm": 0.2658959537572254,
      "acc_norm_stderr": 0.03368762932259431
    },
    "hendrycksTest-college_physics": {
      "acc": 0.22549019607843138,
      "acc_stderr": 0.041583075330832865,
      "acc_norm": 0.22549019607843138,
      "acc_norm_stderr": 0.041583075330832865
    },
    "hendrycksTest-computer_security": {
      "acc": 0.3,
      "acc_stderr": 0.046056618647183814,
      "acc_norm": 0.3,
      "acc_norm_stderr": 0.046056618647183814
    },
    "hendrycksTest-conceptual_physics": {
      "acc": 0.23404255319148937,
      "acc_stderr": 0.027678452578212387,
      "acc_norm": 0.23404255319148937,
      "acc_norm_stderr": 0.027678452578212387
    },
    "hendrycksTest-econometrics": {
      "acc": 0.2631578947368421,
      "acc_stderr": 0.04142439719489362,
      "acc_norm": 0.2631578947368421,
      "acc_norm_stderr": 0.04142439719489362
    },
    "hendrycksTest-electrical_engineering": {
      "acc": 0.23448275862068965,
      "acc_stderr": 0.035306258743465914,
      "acc_norm": 0.23448275862068965,
      "acc_norm_stderr": 0.035306258743465914
    },
    "hendrycksTest-elementary_mathematics": {
      "acc": 0.2698412698412698,
      "acc_stderr": 0.022860838309232072,
      "acc_norm": 0.2698412698412698,
      "acc_norm_stderr": 0.022860838309232072
    },
    "hendrycksTest-formal_logic": {
      "acc": 0.23809523809523808,
      "acc_stderr": 0.038095238095238106,
      "acc_norm": 0.23809523809523808,
      "acc_norm_stderr": 0.038095238095238106
    },
    "hendrycksTest-global_facts": {
      "acc": 0.33,
      "acc_stderr": 0.04725815626252604,
      "acc_norm": 0.33,
      "acc_norm_stderr": 0.04725815626252604
    },
    "hendrycksTest-high_school_biology": {
      "acc": 0.25161290322580643,
      "acc_stderr": 0.024685979286239952,
      "acc_norm": 0.25161290322580643,
      "acc_norm_stderr": 0.024685979286239952
    },
    "hendrycksTest-high_school_chemistry": {
      "acc": 0.270935960591133,
      "acc_stderr": 0.03127090713297698,
      "acc_norm": 0.270935960591133,
      "acc_norm_stderr": 0.03127090713297698
    },
    "hendrycksTest-high_school_computer_science": {
      "acc": 0.24,
      "acc_stderr": 0.042923469599092816,
      "acc_norm": 0.24,
      "acc_norm_stderr": 0.042923469599092816
    },
    "hendrycksTest-high_school_european_history": {
      "acc": 0.2727272727272727,
      "acc_stderr": 0.0347769116216366,
      "acc_norm": 0.2727272727272727,
      "acc_norm_stderr": 0.0347769116216366
    },
    "hendrycksTest-high_school_geography": {
      "acc": 0.2222222222222222,
      "acc_stderr": 0.029620227874790492,
      "acc_norm": 0.2222222222222222,
      "acc_norm_stderr": 0.029620227874790492
    },
    "hendrycksTest-high_school_government_and_politics": {
      "acc": 0.25906735751295334,
      "acc_stderr": 0.031618779179354094,
      "acc_norm": 0.25906735751295334,
      "acc_norm_stderr": 0.031618779179354094
    },
    "hendrycksTest-high_school_macroeconomics": {
      "acc": 0.3282051282051282,
      "acc_stderr": 0.023807633198657266,
      "acc_norm": 0.3282051282051282,
      "acc_norm_stderr": 0.023807633198657266
    },
    "hendrycksTest-high_school_mathematics": {
      "acc": 0.2740740740740741,
      "acc_stderr": 0.027195934804085622,
      "acc_norm": 0.2740740740740741,
      "acc_norm_stderr": 0.027195934804085622
    },
    "hendrycksTest-high_school_microeconomics": {
      "acc": 0.24369747899159663,
      "acc_stderr": 0.02788682807838057,
      "acc_norm": 0.24369747899159663,
      "acc_norm_stderr": 0.02788682807838057
    },
    "hendrycksTest-high_school_physics": {
      "acc": 0.2847682119205298,
      "acc_stderr": 0.03684881521389023,
      "acc_norm": 0.2847682119205298,
      "acc_norm_stderr": 0.03684881521389023
    },
    "hendrycksTest-high_school_psychology": {
      "acc": 0.24036697247706423,
      "acc_stderr": 0.01832060732096407,
      "acc_norm": 0.24036697247706423,
      "acc_norm_stderr": 0.01832060732096407
    },
    "hendrycksTest-high_school_statistics": {
      "acc": 0.2361111111111111,
      "acc_stderr": 0.02896370257079102,
      "acc_norm": 0.2361111111111111,
      "acc_norm_stderr": 0.02896370257079102
    },
    "hendrycksTest-high_school_us_history": {
      "acc": 0.29411764705882354,
      "acc_stderr": 0.03198001660115072,
      "acc_norm": 0.29411764705882354,
      "acc_norm_stderr": 0.03198001660115072
    },
    "hendrycksTest-high_school_world_history": {
      "acc": 0.26582278481012656,
      "acc_stderr": 0.028756799629658335,
      "acc_norm": 0.26582278481012656,
      "acc_norm_stderr": 0.028756799629658335
    },
    "hendrycksTest-human_aging": {
      "acc": 0.26905829596412556,
      "acc_stderr": 0.029763779406874972,
      "acc_norm": 0.26905829596412556,
      "acc_norm_stderr": 0.029763779406874972
    },
    "hendrycksTest-human_sexuality": {
      "acc": 0.16793893129770993,
      "acc_stderr": 0.03278548537343138,
      "acc_norm": 0.16793893129770993,
      "acc_norm_stderr": 0.03278548537343138
    },
    "hendrycksTest-international_law": {
      "acc": 0.39669421487603307,
      "acc_stderr": 0.04465869780531009,
      "acc_norm": 0.39669421487603307,
      "acc_norm_stderr": 0.04465869780531009
    },
    "hendrycksTest-jurisprudence": {
      "acc": 0.24074074074074073,
      "acc_stderr": 0.041331194402438376,
      "acc_norm": 0.24074074074074073,
      "acc_norm_stderr": 0.041331194402438376
    },
    "hendrycksTest-logical_fallacies": {
      "acc": 0.22699386503067484,
      "acc_stderr": 0.032910995786157686,
      "acc_norm": 0.22699386503067484,
      "acc_norm_stderr": 0.032910995786157686
    },
    "hendrycksTest-machine_learning": {
      "acc": 0.20535714285714285,
      "acc_stderr": 0.03834241021419072,
      "acc_norm": 0.20535714285714285,
      "acc_norm_stderr": 0.03834241021419072
    },
    "hendrycksTest-management": {
      "acc": 0.2815533980582524,
      "acc_stderr": 0.044532548363264694,
      "acc_norm": 0.2815533980582524,
      "acc_norm_stderr": 0.044532548363264694
    },
    "hendrycksTest-marketing": {
      "acc": 0.26495726495726496,