{
  "results": {
    "squad2": {
      "exact": 9.980628316348017,
      "f1": 15.284106791015647,
      "HasAns_exact": 17.74628879892038,
      "HasAns_f1": 28.36845477896909,
      "NoAns_exact": 2.2371740958788897,
      "NoAns_f1": 2.2371740958788897,
      "best_exact": 50.07159100480081,
      "best_f1": 50.07400691071675
    }
  },
  "versions": {
    "squad2": 1
  },
  "config": {
    "model": "hf-causal-experimental",
    "model_args": "pretrained=/scratch/project_462000319/general-tools/checkpoints/33B_torch_step25632_bfloat16/,use_accelerate=True,tokenizer=/scratch/project_462000319/general-tools/checkpoints/33B_torch_step25632_bfloat16/,dtype=bfloat16,trust_remote_code=False",
    "num_fewshot": 0,
    "batch_size": null,
    "batch_sizes": [],
    "device": "cuda:0",
    "no_cache": true,
    "limit": null,
    "bootstrap_iters": 100000,
    "description_dict": {}
  }
}