{
  "results": {
    "hendrycksTest-abstract_algebra": {
      "acc": 0.19,
      "acc_stderr": 0.039427724440366234,
      "acc_norm": 0.19,
      "acc_norm_stderr": 0.039427724440366234
    },
    "hendrycksTest-anatomy": {
      "acc": 0.1925925925925926,
      "acc_stderr": 0.03406542058502653,
      "acc_norm": 0.1925925925925926,
      "acc_norm_stderr": 0.03406542058502653
    },
    "hendrycksTest-astronomy": {
      "acc": 0.19736842105263158,
      "acc_stderr": 0.03238981601699397,
      "acc_norm": 0.19736842105263158,
      "acc_norm_stderr": 0.03238981601699397
    },
    "hendrycksTest-business_ethics": {
      "acc": 0.32,
      "acc_stderr": 0.046882617226215034,
      "acc_norm": 0.32,
      "acc_norm_stderr": 0.046882617226215034
    },
    "hendrycksTest-clinical_knowledge": {
      "acc": 0.2528301886792453,
      "acc_stderr": 0.02674989977124123,
      "acc_norm": 0.2528301886792453,
      "acc_norm_stderr": 0.02674989977124123
    },
    "hendrycksTest-college_biology": {
      "acc": 0.2569444444444444,
      "acc_stderr": 0.03653946969442099,
      "acc_norm": 0.2569444444444444,
      "acc_norm_stderr": 0.03653946969442099
    },
    "hendrycksTest-college_chemistry": {
      "acc": 0.24,
      "acc_stderr": 0.04292346959909284,
      "acc_norm": 0.24,
      "acc_norm_stderr": 0.04292346959909284
    },
    "hendrycksTest-college_computer_science": {
      "acc": 0.27,
      "acc_stderr": 0.0446196043338474,
      "acc_norm": 0.27,
      "acc_norm_stderr": 0.0446196043338474
    },
    "hendrycksTest-college_mathematics": {
      "acc": 0.32,
      "acc_stderr": 0.046882617226215034,
      "acc_norm": 0.32,
      "acc_norm_stderr": 0.046882617226215034
    },
    "hendrycksTest-college_medicine": {
      "acc": 0.19653179190751446,
      "acc_stderr": 0.03029957466478814,
      "acc_norm": 0.19653179190751446,
      "acc_norm_stderr": 0.03029957466478814
    },
    "hendrycksTest-college_physics": {
      "acc": 0.2549019607843137,
      "acc_stderr": 0.043364327079931785,
      "acc_norm": 0.2549019607843137,
      "acc_norm_stderr": 0.043364327079931785
    },
    "hendrycksTest-computer_security": {
      "acc": 0.28,
      "acc_stderr": 0.045126085985421276,
      "acc_norm": 0.28,
      "acc_norm_stderr": 0.045126085985421276
    },
    "hendrycksTest-conceptual_physics": {
      "acc": 0.2765957446808511,
      "acc_stderr": 0.029241883869628806,
      "acc_norm": 0.2765957446808511,
      "acc_norm_stderr": 0.029241883869628806
    },
    "hendrycksTest-econometrics": {
      "acc": 0.21929824561403508,
      "acc_stderr": 0.03892431106518753,
      "acc_norm": 0.21929824561403508,
      "acc_norm_stderr": 0.03892431106518753
    },
    "hendrycksTest-electrical_engineering": {
      "acc": 0.2620689655172414,
      "acc_stderr": 0.036646663372252565,
      "acc_norm": 0.2620689655172414,
      "acc_norm_stderr": 0.036646663372252565
    },
    "hendrycksTest-elementary_mathematics": {
      "acc": 0.24867724867724866,
      "acc_stderr": 0.022261817692400168,
      "acc_norm": 0.24867724867724866,
      "acc_norm_stderr": 0.022261817692400168
    },
    "hendrycksTest-formal_logic": {
      "acc": 0.25396825396825395,
      "acc_stderr": 0.038932596106046734,
      "acc_norm": 0.25396825396825395,
      "acc_norm_stderr": 0.038932596106046734
    },
    "hendrycksTest-global_facts": {
      "acc": 0.26,
      "acc_stderr": 0.044084400227680794,
      "acc_norm": 0.26,
      "acc_norm_stderr": 0.044084400227680794
    },
    "hendrycksTest-high_school_biology": {
      "acc": 0.1870967741935484,
      "acc_stderr": 0.02218571009225226,
      "acc_norm": 0.1870967741935484,
      "acc_norm_stderr": 0.02218571009225226
    },
    "hendrycksTest-high_school_chemistry": {
      "acc": 0.2413793103448276,
      "acc_stderr": 0.030108330718011625,
      "acc_norm": 0.2413793103448276,
      "acc_norm_stderr": 0.030108330718011625
    },
    "hendrycksTest-high_school_computer_science": {
      "acc": 0.26,
      "acc_stderr": 0.04408440022768078,
      "acc_norm": 0.26,
      "acc_norm_stderr": 0.04408440022768078
    },
    "hendrycksTest-high_school_european_history": {
      "acc": 0.23636363636363636,
      "acc_stderr": 0.033175059300091805,
      "acc_norm": 0.23636363636363636,
      "acc_norm_stderr": 0.033175059300091805
    },
    "hendrycksTest-high_school_geography": {
      "acc": 0.1717171717171717,
      "acc_stderr": 0.026869716187429917,
      "acc_norm": 0.1717171717171717,
      "acc_norm_stderr": 0.026869716187429917
    },
    "hendrycksTest-high_school_government_and_politics": {
      "acc": 0.2538860103626943,
      "acc_stderr": 0.03141024780565319,
      "acc_norm": 0.2538860103626943,
      "acc_norm_stderr": 0.03141024780565319
    },
    "hendrycksTest-high_school_macroeconomics": {
      "acc": 0.2282051282051282,
      "acc_stderr": 0.02127839386358628,
      "acc_norm": 0.2282051282051282,
      "acc_norm_stderr": 0.02127839386358628
    },
    "hendrycksTest-high_school_mathematics": {
      "acc": 0.2222222222222222,
      "acc_stderr": 0.025348097468097838,
      "acc_norm": 0.2222222222222222,
      "acc_norm_stderr": 0.025348097468097838
    },
    "hendrycksTest-high_school_microeconomics": {
      "acc": 0.23529411764705882,
      "acc_stderr": 0.027553614467863818,
      "acc_norm": 0.23529411764705882,
      "acc_norm_stderr": 0.027553614467863818
    },
    "hendrycksTest-high_school_physics": {
      "acc": 0.2251655629139073,
      "acc_stderr": 0.03410435282008936,
      "acc_norm": 0.2251655629139073,
      "acc_norm_stderr": 0.03410435282008936
    },
    "hendrycksTest-high_school_psychology": {
      "acc": 0.21100917431192662,
      "acc_stderr": 0.017493922404112648,
      "acc_norm": 0.21100917431192662,
      "acc_norm_stderr": 0.017493922404112648
    },
    "hendrycksTest-high_school_statistics": {
      "acc": 0.19907407407407407,
      "acc_stderr": 0.027232298462690232,
      "acc_norm": 0.19907407407407407,
      "acc_norm_stderr": 0.027232298462690232
    },
    "hendrycksTest-high_school_us_history": {
      "acc": 0.2549019607843137,
      "acc_stderr": 0.030587591351604246,
      "acc_norm": 0.2549019607843137,
      "acc_norm_stderr": 0.030587591351604246
    },
    "hendrycksTest-high_school_world_history": {
      "acc": 0.27848101265822783,
      "acc_stderr": 0.02917868230484256,
      "acc_norm": 0.27848101265822783,
      "acc_norm_stderr": 0.02917868230484256
    },
    "hendrycksTest-human_aging": {
      "acc": 0.3004484304932735,
      "acc_stderr": 0.030769352008229143,
      "acc_norm": 0.3004484304932735,
      "acc_norm_stderr": 0.030769352008229143
    },
    "hendrycksTest-human_sexuality": {
      "acc": 0.32061068702290074,
      "acc_stderr": 0.04093329229834278,
      "acc_norm": 0.32061068702290074,
      "acc_norm_stderr": 0.04093329229834278
    },
    "hendrycksTest-international_law": {
      "acc": 0.23140495867768596,
      "acc_stderr": 0.0384985609879409,
      "acc_norm": 0.23140495867768596,
      "acc_norm_stderr": 0.0384985609879409
    },
    "hendrycksTest-jurisprudence": {
      "acc": 0.3611111111111111,
      "acc_stderr": 0.04643454608906275,
      "acc_norm": 0.3611111111111111,
      "acc_norm_stderr": 0.04643454608906275
    },
    "hendrycksTest-logical_fallacies": {
      "acc": 0.2085889570552147,
      "acc_stderr": 0.03192193448934723,
      "acc_norm": 0.2085889570552147,
      "acc_norm_stderr": 0.03192193448934723
    },
    "hendrycksTest-machine_learning": {
      "acc": 0.33035714285714285,
      "acc_stderr": 0.04464285714285713,
      "acc_norm": 0.33035714285714285,
      "acc_norm_stderr": 0.04464285714285713
    },
    "hendrycksTest-management": {
      "acc": 0.30097087378640774,
      "acc_stderr": 0.045416094465039455,
      "acc_norm": 0.30097087378640774,
      "acc_norm_stderr": 0.045416094465039455
    },
    "hendrycksTest-marketing": {
      "acc": 0.2948717948717949,