{
  "results": {
    "squad2": {
      "exact": 15.691063758106628,
      "f1": 22.158934207691953,
      "HasAns_exact": 28.74493927125506,
      "HasAns_f1": 41.699228381903964,
      "NoAns_exact": 2.674516400336417,
      "NoAns_f1": 2.674516400336417,
      "best_exact": 50.07159100480081,
      "best_f1": 50.07159100480081
    }
  },
  "versions": {
    "squad2": 1
  },
  "config": {
    "model": "hf-causal-experimental",
    "model_args": "pretrained=/scratch/project_462000319/general-tools/checkpoints/33B_torch_step70128_bfloat16/,use_accelerate=True,tokenizer=/scratch/project_462000319/general-tools/checkpoints/33B_torch_step70128_bfloat16/,dtype=bfloat16,trust_remote_code=False",
    "num_fewshot": 0,
    "batch_size": null,
    "batch_sizes": [],
    "device": "cuda:0",
    "no_cache": true,
    "limit": null,
    "bootstrap_iters": 100000,
    "description_dict": {}
  }
}