{
  "results": {
    "hendrycksTest-abstract_algebra": {
      "acc": 0.2,
      "acc_stderr": 0.04020151261036843,
      "acc_norm": 0.2,
      "acc_norm_stderr": 0.04020151261036843
    },
    "hendrycksTest-anatomy": {
      "acc": 0.2814814814814815,
      "acc_stderr": 0.038850042458002526,
      "acc_norm": 0.2814814814814815,
      "acc_norm_stderr": 0.038850042458002526
    },
    "hendrycksTest-astronomy": {
      "acc": 0.19078947368421054,
      "acc_stderr": 0.031975658210324984,
      "acc_norm": 0.19078947368421054,
      "acc_norm_stderr": 0.031975658210324984
    },
    "hendrycksTest-business_ethics": {
      "acc": 0.29,
      "acc_stderr": 0.04560480215720684,
      "acc_norm": 0.29,
      "acc_norm_stderr": 0.04560480215720684
    },
    "hendrycksTest-clinical_knowledge": {
      "acc": 0.27169811320754716,
      "acc_stderr": 0.027377706624670713,
      "acc_norm": 0.27169811320754716,
      "acc_norm_stderr": 0.027377706624670713
    },
    "hendrycksTest-college_biology": {
      "acc": 0.2638888888888889,
      "acc_stderr": 0.03685651095897532,
      "acc_norm": 0.2638888888888889,
      "acc_norm_stderr": 0.03685651095897532
    },
    "hendrycksTest-college_chemistry": {
      "acc": 0.21,
      "acc_stderr": 0.040936018074033256,
      "acc_norm": 0.21,
      "acc_norm_stderr": 0.040936018074033256
    },
    "hendrycksTest-college_computer_science": {
      "acc": 0.17,
      "acc_stderr": 0.0377525168068637,
      "acc_norm": 0.17,
      "acc_norm_stderr": 0.0377525168068637
    },
    "hendrycksTest-college_mathematics": {
      "acc": 0.21,
      "acc_stderr": 0.04093601807403325,
      "acc_norm": 0.21,
      "acc_norm_stderr": 0.04093601807403325
    },
    "hendrycksTest-college_medicine": {
      "acc": 0.2138728323699422,
      "acc_stderr": 0.03126511206173043,
      "acc_norm": 0.2138728323699422,
      "acc_norm_stderr": 0.03126511206173043
    },
    "hendrycksTest-college_physics": {
      "acc": 0.18627450980392157,
      "acc_stderr": 0.03873958714149352,
      "acc_norm": 0.18627450980392157,
      "acc_norm_stderr": 0.03873958714149352
    },
    "hendrycksTest-computer_security": {
      "acc": 0.24,
      "acc_stderr": 0.04292346959909282,
      "acc_norm": 0.24,
      "acc_norm_stderr": 0.04292346959909282
    },
    "hendrycksTest-conceptual_physics": {
      "acc": 0.25957446808510637,
      "acc_stderr": 0.028659179374292323,
      "acc_norm": 0.25957446808510637,
      "acc_norm_stderr": 0.028659179374292323
    },
    "hendrycksTest-econometrics": {
      "acc": 0.20175438596491227,
      "acc_stderr": 0.037752050135836386,
      "acc_norm": 0.20175438596491227,
      "acc_norm_stderr": 0.037752050135836386
    },
    "hendrycksTest-electrical_engineering": {
      "acc": 0.2482758620689655,
      "acc_stderr": 0.036001056927277696,
      "acc_norm": 0.2482758620689655,
      "acc_norm_stderr": 0.036001056927277696
    },
    "hendrycksTest-elementary_mathematics": {
      "acc": 0.23544973544973544,
      "acc_stderr": 0.02185150982203172,
      "acc_norm": 0.23544973544973544,
      "acc_norm_stderr": 0.02185150982203172
    },
    "hendrycksTest-formal_logic": {
      "acc": 0.23809523809523808,
      "acc_stderr": 0.03809523809523809,
      "acc_norm": 0.23809523809523808,
      "acc_norm_stderr": 0.03809523809523809
    },
    "hendrycksTest-global_facts": {
      "acc": 0.25,
      "acc_stderr": 0.04351941398892446,
      "acc_norm": 0.25,
      "acc_norm_stderr": 0.04351941398892446
    },
    "hendrycksTest-high_school_biology": {
      "acc": 0.21935483870967742,
      "acc_stderr": 0.023540799358723295,
      "acc_norm": 0.21935483870967742,
      "acc_norm_stderr": 0.023540799358723295
    },
    "hendrycksTest-high_school_chemistry": {
      "acc": 0.1724137931034483,
      "acc_stderr": 0.026577672183036586,
      "acc_norm": 0.1724137931034483,
      "acc_norm_stderr": 0.026577672183036586
    },
    "hendrycksTest-high_school_computer_science": {
      "acc": 0.26,
      "acc_stderr": 0.0440844002276808,
      "acc_norm": 0.26,
      "acc_norm_stderr": 0.0440844002276808
    },
    "hendrycksTest-high_school_european_history": {
      "acc": 0.22424242424242424,
      "acc_stderr": 0.032568666616811015,
      "acc_norm": 0.22424242424242424,
      "acc_norm_stderr": 0.032568666616811015
    },
    "hendrycksTest-high_school_geography": {
      "acc": 0.18181818181818182,
      "acc_stderr": 0.027479603010538787,
      "acc_norm": 0.18181818181818182,
      "acc_norm_stderr": 0.027479603010538787
    },
    "hendrycksTest-high_school_government_and_politics": {
      "acc": 0.23316062176165803,
      "acc_stderr": 0.030516111371476008,
      "acc_norm": 0.23316062176165803,
      "acc_norm_stderr": 0.030516111371476008
    },
    "hendrycksTest-high_school_macroeconomics": {
      "acc": 0.23333333333333334,
      "acc_stderr": 0.021444547301560476,
      "acc_norm": 0.23333333333333334,
      "acc_norm_stderr": 0.021444547301560476
    },
    "hendrycksTest-high_school_mathematics": {
      "acc": 0.24444444444444444,
      "acc_stderr": 0.026202766534652148,
      "acc_norm": 0.24444444444444444,
      "acc_norm_stderr": 0.026202766534652148
    },
    "hendrycksTest-high_school_microeconomics": {
      "acc": 0.23529411764705882,
      "acc_stderr": 0.02755361446786382,
      "acc_norm": 0.23529411764705882,
      "acc_norm_stderr": 0.02755361446786382
    },
    "hendrycksTest-high_school_physics": {
      "acc": 0.1390728476821192,
      "acc_stderr": 0.028252621202253705,
      "acc_norm": 0.1390728476821192,
      "acc_norm_stderr": 0.028252621202253705
    },
    "hendrycksTest-high_school_psychology": {
      "acc": 0.22385321100917432,
      "acc_stderr": 0.017871217767790226,
      "acc_norm": 0.22385321100917432,
      "acc_norm_stderr": 0.017871217767790226
    },
    "hendrycksTest-high_school_statistics": {
      "acc": 0.16666666666666666,
      "acc_stderr": 0.025416428388767474,
      "acc_norm": 0.16666666666666666,
      "acc_norm_stderr": 0.025416428388767474
    },
    "hendrycksTest-high_school_us_history": {
      "acc": 0.23529411764705882,
      "acc_stderr": 0.029771775228145638,
      "acc_norm": 0.23529411764705882,
      "acc_norm_stderr": 0.029771775228145638
    },
    "hendrycksTest-high_school_world_history": {
      "acc": 0.25738396624472576,
      "acc_stderr": 0.028458820991460302,
      "acc_norm": 0.25738396624472576,
      "acc_norm_stderr": 0.028458820991460302
    },
    "hendrycksTest-human_aging": {
      "acc": 0.3452914798206278,
      "acc_stderr": 0.03191100192835794,
      "acc_norm": 0.3452914798206278,
      "acc_norm_stderr": 0.03191100192835794
    },
    "hendrycksTest-human_sexuality": {
      "acc": 0.20610687022900764,
      "acc_stderr": 0.03547771004159463,
      "acc_norm": 0.20610687022900764,
      "acc_norm_stderr": 0.03547771004159463
    },
    "hendrycksTest-international_law": {
      "acc": 0.24793388429752067,
      "acc_stderr": 0.03941897526516302,
      "acc_norm": 0.24793388429752067,
      "acc_norm_stderr": 0.03941897526516302
    },
    "hendrycksTest-jurisprudence": {
      "acc": 0.26851851851851855,
      "acc_stderr": 0.04284467968052192,
      "acc_norm": 0.26851851851851855,
      "acc_norm_stderr": 0.04284467968052192
    },
    "hendrycksTest-logical_fallacies": {
      "acc": 0.19631901840490798,
      "acc_stderr": 0.031207970394709218,
      "acc_norm": 0.19631901840490798,
      "acc_norm_stderr": 0.031207970394709218
    },
    "hendrycksTest-machine_learning": {
      "acc": 0.29464285714285715,
      "acc_stderr": 0.04327040932578728,
      "acc_norm": 0.29464285714285715,
      "acc_norm_stderr": 0.04327040932578728
    },
    "hendrycksTest-management": {
      "acc": 0.23300970873786409,
      "acc_stderr": 0.041858325989283164,
      "acc_norm": 0.23300970873786409,
      "acc_norm_stderr": 0.041858325989283164
    },
    "hendrycksTest-marketing": {
      "acc": 0.2905982905982906,