{
  "results": {
    "hendrycksTest-abstract_algebra": {
      "acc": 0.25,
      "acc_stderr": 0.04351941398892446,
      "acc_norm": 0.25,
      "acc_norm_stderr": 0.04351941398892446
    },
    "hendrycksTest-anatomy": {
      "acc": 0.3037037037037037,
      "acc_stderr": 0.039725528847851375,
      "acc_norm": 0.3037037037037037,
      "acc_norm_stderr": 0.039725528847851375
    },
    "hendrycksTest-astronomy": {
      "acc": 0.3157894736842105,
      "acc_stderr": 0.03782728980865469,
      "acc_norm": 0.3157894736842105,
      "acc_norm_stderr": 0.03782728980865469
    },
    "hendrycksTest-business_ethics": {
      "acc": 0.34,
      "acc_stderr": 0.04760952285695235,
      "acc_norm": 0.34,
      "acc_norm_stderr": 0.04760952285695235
    },
    "hendrycksTest-clinical_knowledge": {
      "acc": 0.2981132075471698,
      "acc_stderr": 0.028152837942493864,
      "acc_norm": 0.2981132075471698,
      "acc_norm_stderr": 0.028152837942493864
    },
    "hendrycksTest-college_biology": {
      "acc": 0.2777777777777778,
      "acc_stderr": 0.037455547914624555,
      "acc_norm": 0.2777777777777778,
      "acc_norm_stderr": 0.037455547914624555
    },
    "hendrycksTest-college_chemistry": {
      "acc": 0.22,
      "acc_stderr": 0.04163331998932269,
      "acc_norm": 0.22,
      "acc_norm_stderr": 0.04163331998932269
    },
    "hendrycksTest-college_computer_science": {
      "acc": 0.31,
      "acc_stderr": 0.04648231987117316,
      "acc_norm": 0.31,
      "acc_norm_stderr": 0.04648231987117316
    },
    "hendrycksTest-college_mathematics": {
      "acc": 0.37,
      "acc_stderr": 0.04852365870939099,
      "acc_norm": 0.37,
      "acc_norm_stderr": 0.04852365870939099
    },
    "hendrycksTest-college_medicine": {
      "acc": 0.3236994219653179,
      "acc_stderr": 0.0356760379963917,
      "acc_norm": 0.3236994219653179,
      "acc_norm_stderr": 0.0356760379963917
    },
    "hendrycksTest-college_physics": {
      "acc": 0.13725490196078433,
      "acc_stderr": 0.034240846698915216,
      "acc_norm": 0.13725490196078433,
      "acc_norm_stderr": 0.034240846698915216
    },
    "hendrycksTest-computer_security": {
      "acc": 0.39,
      "acc_stderr": 0.04902071300001974,
      "acc_norm": 0.39,
      "acc_norm_stderr": 0.04902071300001974
    },
    "hendrycksTest-conceptual_physics": {
      "acc": 0.3021276595744681,
      "acc_stderr": 0.030017554471880557,
      "acc_norm": 0.3021276595744681,
      "acc_norm_stderr": 0.030017554471880557
    },
    "hendrycksTest-econometrics": {
      "acc": 0.2807017543859649,
      "acc_stderr": 0.04227054451232201,
      "acc_norm": 0.2807017543859649,
      "acc_norm_stderr": 0.04227054451232201
    },
    "hendrycksTest-electrical_engineering": {
      "acc": 0.3310344827586207,
      "acc_stderr": 0.03921545312467122,
      "acc_norm": 0.3310344827586207,
      "acc_norm_stderr": 0.03921545312467122
    },
    "hendrycksTest-elementary_mathematics": {
      "acc": 0.2619047619047619,
      "acc_stderr": 0.02264421261552521,
      "acc_norm": 0.2619047619047619,
      "acc_norm_stderr": 0.02264421261552521
    },
    "hendrycksTest-formal_logic": {
      "acc": 0.21428571428571427,
      "acc_stderr": 0.03670066451047181,
      "acc_norm": 0.21428571428571427,
      "acc_norm_stderr": 0.03670066451047181
    },
    "hendrycksTest-global_facts": {
      "acc": 0.33,
      "acc_stderr": 0.04725815626252604,
      "acc_norm": 0.33,
      "acc_norm_stderr": 0.04725815626252604
    },
    "hendrycksTest-high_school_biology": {
      "acc": 0.25806451612903225,
      "acc_stderr": 0.02489246917246284,
      "acc_norm": 0.25806451612903225,
      "acc_norm_stderr": 0.02489246917246284
    },
    "hendrycksTest-high_school_chemistry": {
      "acc": 0.20689655172413793,
      "acc_stderr": 0.02850137816789395,
      "acc_norm": 0.20689655172413793,
      "acc_norm_stderr": 0.02850137816789395
    },
    "hendrycksTest-high_school_computer_science": {
      "acc": 0.35,
      "acc_stderr": 0.04793724854411019,
      "acc_norm": 0.35,
      "acc_norm_stderr": 0.04793724854411019
    },
    "hendrycksTest-high_school_european_history": {
      "acc": 0.3575757575757576,
      "acc_stderr": 0.03742597043806586,
      "acc_norm": 0.3575757575757576,
      "acc_norm_stderr": 0.03742597043806586
    },
    "hendrycksTest-high_school_geography": {
      "acc": 0.2777777777777778,
      "acc_stderr": 0.03191178226713548,
      "acc_norm": 0.2777777777777778,
      "acc_norm_stderr": 0.03191178226713548
    },
    "hendrycksTest-high_school_government_and_politics": {
      "acc": 0.38860103626943004,
      "acc_stderr": 0.03517739796373133,
      "acc_norm": 0.38860103626943004,
      "acc_norm_stderr": 0.03517739796373133
    },
    "hendrycksTest-high_school_macroeconomics": {
      "acc": 0.24102564102564103,
      "acc_stderr": 0.021685546665333198,
      "acc_norm": 0.24102564102564103,
      "acc_norm_stderr": 0.021685546665333198
    },
    "hendrycksTest-high_school_mathematics": {
      "acc": 0.22962962962962963,
      "acc_stderr": 0.02564410863926764,
      "acc_norm": 0.22962962962962963,
      "acc_norm_stderr": 0.02564410863926764
    },
    "hendrycksTest-high_school_microeconomics": {
      "acc": 0.27310924369747897,
      "acc_stderr": 0.028942004040998174,
      "acc_norm": 0.27310924369747897,
      "acc_norm_stderr": 0.028942004040998174
    },
    "hendrycksTest-high_school_physics": {
      "acc": 0.271523178807947,
      "acc_stderr": 0.03631329803969653,
      "acc_norm": 0.271523178807947,
      "acc_norm_stderr": 0.03631329803969653
    },
    "hendrycksTest-high_school_psychology": {
      "acc": 0.27706422018348625,
      "acc_stderr": 0.019188482590169545,
      "acc_norm": 0.27706422018348625,
      "acc_norm_stderr": 0.019188482590169545
    },
    "hendrycksTest-high_school_statistics": {
      "acc": 0.22685185185185186,
      "acc_stderr": 0.02856165010242226,
      "acc_norm": 0.22685185185185186,
      "acc_norm_stderr": 0.02856165010242226
    },
    "hendrycksTest-high_school_us_history": {
      "acc": 0.4019607843137255,
      "acc_stderr": 0.034411900234824655,
      "acc_norm": 0.4019607843137255,
      "acc_norm_stderr": 0.034411900234824655
    },
    "hendrycksTest-high_school_world_history": {
      "acc": 0.3333333333333333,
      "acc_stderr": 0.03068582059661081,
      "acc_norm": 0.3333333333333333,
      "acc_norm_stderr": 0.03068582059661081
    },
    "hendrycksTest-human_aging": {
      "acc": 0.3901345291479821,
      "acc_stderr": 0.03273766725459156,
      "acc_norm": 0.3901345291479821,
      "acc_norm_stderr": 0.03273766725459156
    },
    "hendrycksTest-human_sexuality": {
      "acc": 0.2824427480916031,
      "acc_stderr": 0.03948406125768361,
      "acc_norm": 0.2824427480916031,
      "acc_norm_stderr": 0.03948406125768361
    },
    "hendrycksTest-international_law": {
      "acc": 0.371900826446281,
      "acc_stderr": 0.04412015806624504,
      "acc_norm": 0.371900826446281,
      "acc_norm_stderr": 0.04412015806624504
    },
    "hendrycksTest-jurisprudence": {
      "acc": 0.4074074074074074,
      "acc_stderr": 0.04750077341199986,
      "acc_norm": 0.4074074074074074,
      "acc_norm_stderr": 0.04750077341199986
    },
    "hendrycksTest-logical_fallacies": {
      "acc": 0.26993865030674846,
      "acc_stderr": 0.03487825168497892,
      "acc_norm": 0.26993865030674846,
      "acc_norm_stderr": 0.03487825168497892
    },
    "hendrycksTest-machine_learning": {
      "acc": 0.3125,
      "acc_stderr": 0.043994650575715215,
      "acc_norm": 0.3125,
      "acc_norm_stderr": 0.043994650575715215
    },
    "hendrycksTest-management": {
      "acc": 0.32038834951456313,
      "acc_stderr": 0.0462028408228004,
      "acc_norm": 0.32038834951456313,
      "acc_norm_stderr": 0.0462028408228004
    },
    "hendrycksTest-marketing": {
      "acc": 0.3717948717948718,
      "acc_stderr": 0.031660988918880785,