{
  "results": {
    "squad2": {
      "exact": 19.363261180830456,
      "f1": 25.816688196767856,
      "HasAns_exact": 36.892712550607285,
      "HasAns_f1": 49.81807337385709,
      "NoAns_exact": 1.8839360807401178,
      "NoAns_f1": 1.8839360807401178,
      "best_exact": 50.07159100480081,
      "best_f1": 50.07159100480081
    }
  },
  "versions": {
    "squad2": 1
  },
  "config": {
    "model": "hf-causal-experimental",
    "model_args": "pretrained=/scratch/project_462000319/general-tools/checkpoints/33B_torch_step95328_bfloat16/,use_accelerate=True,tokenizer=/scratch/project_462000319/general-tools/checkpoints/33B_torch_step95328_bfloat16/,dtype=bfloat16,trust_remote_code=False",
    "num_fewshot": 0,
    "batch_size": null,
    "batch_sizes": [],
    "device": "cuda:0",
    "no_cache": true,
    "limit": null,
    "bootstrap_iters": 100000,
    "description_dict": {}
  }
}