{
  "results": {
    "math_algebra": {
      "acc": 0.014321819713563605,
      "acc_stderr": 0.0034500415709370243
    },
    "math_counting_and_prob": {
      "acc": 0.010548523206751054,
      "acc_stderr": 0.004697453735376162
    },
    "math_geometry": {
      "acc": 0.010438413361169102,
      "acc_stderr": 0.004648627117184644
    },
    "math_intermediate_algebra": {
      "acc": 0.0033222591362126247,
      "acc_stderr": 0.0019159795218657595
    },
    "math_num_theory": {
      "acc": 0.005555555555555556,
      "acc_stderr": 0.0032015451273208913
    },
    "math_prealgebra": {
      "acc": 0.01722158438576349,
      "acc_stderr": 0.004410671674161445
    },
    "math_precalc": {
      "acc": 0.01282051282051282,
      "acc_stderr": 0.004818950982487616
    }
  },
  "versions": {
    "math_algebra": 1,
    "math_counting_and_prob": 1,
    "math_geometry": 1,
    "math_intermediate_algebra": 1,
    "math_num_theory": 1,
    "math_prealgebra": 1,
    "math_precalc": 1
  },
  "config": {
    "model": "hf-causal-experimental",
    "model_args": "pretrained=/scratch/project_462000319/general-tools/checkpoints/33B_torch_step190656_bfloat16,use_accelerate=True,tokenizer=/scratch/project_462000319/general-tools/checkpoints/33B_torch_step190656_bfloat16,dtype=bfloat16,trust_remote_code=False",
    "num_fewshot": 0,
    "batch_size": null,
    "batch_sizes": [],
    "device": "cuda:0",
    "no_cache": true,
    "limit": null,
    "bootstrap_iters": 100000,
    "description_dict": {}
  }
}