{
  "results": {
    "hendrycksTest-abstract_algebra": {
      "acc": 0.26,
      "acc_stderr": 0.044084400227680794,
      "acc_norm": 0.26,
      "acc_norm_stderr": 0.044084400227680794
    },
    "hendrycksTest-anatomy": {
      "acc": 0.4222222222222222,
      "acc_stderr": 0.04266763404099582,
      "acc_norm": 0.4222222222222222,
      "acc_norm_stderr": 0.04266763404099582
    },
    "hendrycksTest-astronomy": {
      "acc": 0.40131578947368424,
      "acc_stderr": 0.039889037033362836,
      "acc_norm": 0.40131578947368424,
      "acc_norm_stderr": 0.039889037033362836
    },
    "hendrycksTest-business_ethics": {
      "acc": 0.47,
      "acc_stderr": 0.05016135580465919,
      "acc_norm": 0.47,
      "acc_norm_stderr": 0.05016135580465919
    },
    "hendrycksTest-clinical_knowledge": {
      "acc": 0.4188679245283019,
      "acc_stderr": 0.030365050829115208,
      "acc_norm": 0.4188679245283019,
      "acc_norm_stderr": 0.030365050829115208
    },
    "hendrycksTest-college_biology": {
      "acc": 0.4583333333333333,
      "acc_stderr": 0.04166666666666666,
      "acc_norm": 0.4583333333333333,
      "acc_norm_stderr": 0.04166666666666666
    },
    "hendrycksTest-college_chemistry": {
      "acc": 0.34,
      "acc_stderr": 0.04760952285695235,
      "acc_norm": 0.34,
      "acc_norm_stderr": 0.04760952285695235
    },
    "hendrycksTest-college_computer_science": {
      "acc": 0.42,
      "acc_stderr": 0.04960449637488583,
      "acc_norm": 0.42,
      "acc_norm_stderr": 0.04960449637488583
    },
    "hendrycksTest-college_mathematics": {
      "acc": 0.33,
      "acc_stderr": 0.047258156262526045,
      "acc_norm": 0.33,
      "acc_norm_stderr": 0.047258156262526045
    },
    "hendrycksTest-college_medicine": {
      "acc": 0.4624277456647399,
      "acc_stderr": 0.0380168510452446,
      "acc_norm": 0.4624277456647399,
      "acc_norm_stderr": 0.0380168510452446
    },
    "hendrycksTest-college_physics": {
      "acc": 0.20588235294117646,
      "acc_stderr": 0.040233822736177476,
      "acc_norm": 0.20588235294117646,
      "acc_norm_stderr": 0.040233822736177476
    },
    "hendrycksTest-computer_security": {
      "acc": 0.58,
      "acc_stderr": 0.04960449637488583,
      "acc_norm": 0.58,
      "acc_norm_stderr": 0.04960449637488583
    },
    "hendrycksTest-conceptual_physics": {
      "acc": 0.4,
      "acc_stderr": 0.03202563076101737,
      "acc_norm": 0.4,
      "acc_norm_stderr": 0.03202563076101737
    },
    "hendrycksTest-econometrics": {
      "acc": 0.3508771929824561,
      "acc_stderr": 0.04489539350270698,
      "acc_norm": 0.3508771929824561,
      "acc_norm_stderr": 0.04489539350270698
    },
    "hendrycksTest-electrical_engineering": {
      "acc": 0.42758620689655175,
      "acc_stderr": 0.041227371113703316,
      "acc_norm": 0.42758620689655175,
      "acc_norm_stderr": 0.041227371113703316
    },
    "hendrycksTest-elementary_mathematics": {
      "acc": 0.31216931216931215,
      "acc_stderr": 0.0238652068369726,
      "acc_norm": 0.31216931216931215,
      "acc_norm_stderr": 0.0238652068369726
    },
    "hendrycksTest-formal_logic": {
      "acc": 0.2777777777777778,
      "acc_stderr": 0.040061680838488774,
      "acc_norm": 0.2777777777777778,
      "acc_norm_stderr": 0.040061680838488774
    },
    "hendrycksTest-global_facts": {
      "acc": 0.33,
      "acc_stderr": 0.047258156262526045,
      "acc_norm": 0.33,
      "acc_norm_stderr": 0.047258156262526045
    },
    "hendrycksTest-high_school_biology": {
      "acc": 0.4645161290322581,
      "acc_stderr": 0.028372287797962956,
      "acc_norm": 0.4645161290322581,
      "acc_norm_stderr": 0.028372287797962956
    },
    "hendrycksTest-high_school_chemistry": {
      "acc": 0.26108374384236455,
      "acc_stderr": 0.030903796952114475,
      "acc_norm": 0.26108374384236455,
      "acc_norm_stderr": 0.030903796952114475
    },
    "hendrycksTest-high_school_computer_science": {
      "acc": 0.46,
      "acc_stderr": 0.05009082659620333,
      "acc_norm": 0.46,
      "acc_norm_stderr": 0.05009082659620333
    },
    "hendrycksTest-high_school_european_history": {
      "acc": 0.48484848484848486,
      "acc_stderr": 0.03902551007374448,
      "acc_norm": 0.48484848484848486,
      "acc_norm_stderr": 0.03902551007374448
    },
    "hendrycksTest-high_school_geography": {
      "acc": 0.4444444444444444,
      "acc_stderr": 0.03540294377095368,
      "acc_norm": 0.4444444444444444,
      "acc_norm_stderr": 0.03540294377095368
    },
    "hendrycksTest-high_school_government_and_politics": {
      "acc": 0.616580310880829,
      "acc_stderr": 0.03508984236295341,
      "acc_norm": 0.616580310880829,
      "acc_norm_stderr": 0.03508984236295341
    },
    "hendrycksTest-high_school_macroeconomics": {
      "acc": 0.38974358974358975,
      "acc_stderr": 0.024726967886647078,
      "acc_norm": 0.38974358974358975,
      "acc_norm_stderr": 0.024726967886647078
    },
    "hendrycksTest-high_school_mathematics": {
      "acc": 0.25555555555555554,
      "acc_stderr": 0.02659393910184408,
      "acc_norm": 0.25555555555555554,
      "acc_norm_stderr": 0.02659393910184408
    },
    "hendrycksTest-high_school_microeconomics": {
      "acc": 0.36554621848739494,
      "acc_stderr": 0.03128217706368462,
      "acc_norm": 0.36554621848739494,
      "acc_norm_stderr": 0.03128217706368462
    },
    "hendrycksTest-high_school_physics": {
      "acc": 0.2781456953642384,
      "acc_stderr": 0.03658603262763743,
      "acc_norm": 0.2781456953642384,
      "acc_norm_stderr": 0.03658603262763743
    },
    "hendrycksTest-high_school_psychology": {
      "acc": 0.5559633027522936,
      "acc_stderr": 0.02130262121165452,
      "acc_norm": 0.5559633027522936,
      "acc_norm_stderr": 0.02130262121165452
    },
    "hendrycksTest-high_school_statistics": {
      "acc": 0.30092592592592593,
      "acc_stderr": 0.031280390843298825,
      "acc_norm": 0.30092592592592593,
      "acc_norm_stderr": 0.031280390843298825
    },
    "hendrycksTest-high_school_us_history": {
      "acc": 0.5392156862745098,
      "acc_stderr": 0.03498501649369527,
      "acc_norm": 0.5392156862745098,
      "acc_norm_stderr": 0.03498501649369527
    },
    "hendrycksTest-high_school_world_history": {
      "acc": 0.5358649789029536,
      "acc_stderr": 0.03246338898055659,
      "acc_norm": 0.5358649789029536,
      "acc_norm_stderr": 0.03246338898055659
    },
    "hendrycksTest-human_aging": {
      "acc": 0.5201793721973094,
      "acc_stderr": 0.033530461674123,
      "acc_norm": 0.5201793721973094,
      "acc_norm_stderr": 0.033530461674123
    },
    "hendrycksTest-human_sexuality": {
      "acc": 0.46564885496183206,
      "acc_stderr": 0.04374928560599738,
      "acc_norm": 0.46564885496183206,
      "acc_norm_stderr": 0.04374928560599738
    },
    "hendrycksTest-international_law": {
      "acc": 0.6363636363636364,
      "acc_stderr": 0.043913262867240704,
      "acc_norm": 0.6363636363636364,
      "acc_norm_stderr": 0.043913262867240704
    },
    "hendrycksTest-jurisprudence": {
      "acc": 0.4351851851851852,
      "acc_stderr": 0.04792898170907062,
      "acc_norm": 0.4351851851851852,
      "acc_norm_stderr": 0.04792898170907062
    },
    "hendrycksTest-logical_fallacies": {
      "acc": 0.5460122699386503,
      "acc_stderr": 0.0391170190467718,
      "acc_norm": 0.5460122699386503,
      "acc_norm_stderr": 0.0391170190467718
    },
    "hendrycksTest-machine_learning": {
      "acc": 0.39285714285714285,
      "acc_stderr": 0.04635550135609976,
      "acc_norm": 0.39285714285714285,
      "acc_norm_stderr": 0.04635550135609976
    },
    "hendrycksTest-management": {
      "acc": 0.5048543689320388,
      "acc_stderr": 0.04950504382128921,
      "acc_norm": 0.5048543689320388,
      "acc_norm_stderr": 0.04950504382128921
    },
    "hendrycksTest-marketing": {
      "acc": 0.6324786324786325,
      "acc_stderr": 0.031585391577456365,
      "acc_norm": 0.6324786324786325,