{
  "results": {
    "squad2": {
      "exact": 20.820348690305735,
      "f1": 27.943048848819775,
      "HasAns_exact": 37.82051282051282,
      "HasAns_f1": 52.08633923448672,
      "NoAns_exact": 3.868797308662742,
      "NoAns_f1": 3.868797308662742,
      "best_exact": 50.08843594710688,
      "best_f1": 50.09375540257196
    }
  },
  "versions": {
    "squad2": 1
  },
  "config": {
    "model": "hf-causal-experimental",
    "model_args": "pretrained=/scratch/project_462000319/general-tools/checkpoints/33B_torch_step214560_bfloat16,use_accelerate=True,tokenizer=/scratch/project_462000319/general-tools/checkpoints/33B_torch_step214560_bfloat16,dtype=bfloat16,trust_remote_code=False",
    "num_fewshot": 0,
    "batch_size": null,
    "batch_sizes": [],
    "device": "cuda:0",
    "no_cache": true,
    "limit": null,
    "bootstrap_iters": 100000,
    "description_dict": {}
  }
}