{
  "results": {
    "hendrycksTest-abstract_algebra": {
      "acc": 0.32,
      "acc_stderr": 0.046882617226215034,
      "acc_norm": 0.32,
      "acc_norm_stderr": 0.046882617226215034
    },
    "hendrycksTest-anatomy": {
      "acc": 0.4148148148148148,
      "acc_stderr": 0.04256193767901407,
      "acc_norm": 0.4148148148148148,
      "acc_norm_stderr": 0.04256193767901407
    },
    "hendrycksTest-astronomy": {
      "acc": 0.4473684210526316,
      "acc_stderr": 0.04046336883978251,
      "acc_norm": 0.4473684210526316,
      "acc_norm_stderr": 0.04046336883978251
    },
    "hendrycksTest-business_ethics": {
      "acc": 0.5,
      "acc_stderr": 0.050251890762960605,
      "acc_norm": 0.5,
      "acc_norm_stderr": 0.050251890762960605
    },
    "hendrycksTest-clinical_knowledge": {
      "acc": 0.45660377358490567,
      "acc_stderr": 0.030656748696739438,
      "acc_norm": 0.45660377358490567,
      "acc_norm_stderr": 0.030656748696739438
    },
    "hendrycksTest-college_biology": {
      "acc": 0.4097222222222222,
      "acc_stderr": 0.04112490974670787,
      "acc_norm": 0.4097222222222222,
      "acc_norm_stderr": 0.04112490974670787
    },
    "hendrycksTest-college_chemistry": {
      "acc": 0.34,
      "acc_stderr": 0.04760952285695235,
      "acc_norm": 0.34,
      "acc_norm_stderr": 0.04760952285695235
    },
    "hendrycksTest-college_computer_science": {
      "acc": 0.4,
      "acc_stderr": 0.04923659639173309,
      "acc_norm": 0.4,
      "acc_norm_stderr": 0.04923659639173309
    },
    "hendrycksTest-college_mathematics": {
      "acc": 0.37,
      "acc_stderr": 0.048523658709391,
      "acc_norm": 0.37,
      "acc_norm_stderr": 0.048523658709391
    },
    "hendrycksTest-college_medicine": {
      "acc": 0.4046242774566474,
      "acc_stderr": 0.03742461193887248,
      "acc_norm": 0.4046242774566474,
      "acc_norm_stderr": 0.03742461193887248
    },
    "hendrycksTest-college_physics": {
      "acc": 0.27450980392156865,
      "acc_stderr": 0.044405219061793275,
      "acc_norm": 0.27450980392156865,
      "acc_norm_stderr": 0.044405219061793275
    },
    "hendrycksTest-computer_security": {
      "acc": 0.48,
      "acc_stderr": 0.05021167315686781,
      "acc_norm": 0.48,
      "acc_norm_stderr": 0.05021167315686781
    },
    "hendrycksTest-conceptual_physics": {
      "acc": 0.42127659574468085,
      "acc_stderr": 0.03227834510146268,
      "acc_norm": 0.42127659574468085,
      "acc_norm_stderr": 0.03227834510146268
    },
    "hendrycksTest-econometrics": {
      "acc": 0.2719298245614035,
      "acc_stderr": 0.04185774424022056,
      "acc_norm": 0.2719298245614035,
      "acc_norm_stderr": 0.04185774424022056
    },
    "hendrycksTest-electrical_engineering": {
      "acc": 0.45517241379310347,
      "acc_stderr": 0.04149886942192117,
      "acc_norm": 0.45517241379310347,
      "acc_norm_stderr": 0.04149886942192117
    },
    "hendrycksTest-elementary_mathematics": {
      "acc": 0.2962962962962963,
      "acc_stderr": 0.023517294335963276,
      "acc_norm": 0.2962962962962963,
      "acc_norm_stderr": 0.023517294335963276
    },
    "hendrycksTest-formal_logic": {
      "acc": 0.3253968253968254,
      "acc_stderr": 0.041905964388711366,
      "acc_norm": 0.3253968253968254,
      "acc_norm_stderr": 0.041905964388711366
    },
    "hendrycksTest-global_facts": {
      "acc": 0.4,
      "acc_stderr": 0.04923659639173309,
      "acc_norm": 0.4,
      "acc_norm_stderr": 0.04923659639173309
    },
    "hendrycksTest-high_school_biology": {
      "acc": 0.4258064516129032,
      "acc_stderr": 0.028129112709165904,
      "acc_norm": 0.4258064516129032,
      "acc_norm_stderr": 0.028129112709165904
    },
    "hendrycksTest-high_school_chemistry": {
      "acc": 0.270935960591133,
      "acc_stderr": 0.031270907132976984,
      "acc_norm": 0.270935960591133,
      "acc_norm_stderr": 0.031270907132976984
    },
    "hendrycksTest-high_school_computer_science": {
      "acc": 0.42,
      "acc_stderr": 0.04960449637488584,
      "acc_norm": 0.42,
      "acc_norm_stderr": 0.04960449637488584
    },
    "hendrycksTest-high_school_european_history": {
      "acc": 0.4727272727272727,
      "acc_stderr": 0.0389853160557942,
      "acc_norm": 0.4727272727272727,
      "acc_norm_stderr": 0.0389853160557942
    },
    "hendrycksTest-high_school_geography": {
      "acc": 0.398989898989899,
      "acc_stderr": 0.03488901616852731,
      "acc_norm": 0.398989898989899,
      "acc_norm_stderr": 0.03488901616852731
    },
    "hendrycksTest-high_school_government_and_politics": {
      "acc": 0.6113989637305699,
      "acc_stderr": 0.035177397963731316,
      "acc_norm": 0.6113989637305699,
      "acc_norm_stderr": 0.035177397963731316
    },
    "hendrycksTest-high_school_macroeconomics": {
      "acc": 0.37435897435897436,
      "acc_stderr": 0.02453759157283052,
      "acc_norm": 0.37435897435897436,
      "acc_norm_stderr": 0.02453759157283052
    },
    "hendrycksTest-high_school_mathematics": {
      "acc": 0.26666666666666666,
      "acc_stderr": 0.026962424325073845,
      "acc_norm": 0.26666666666666666,
      "acc_norm_stderr": 0.026962424325073845
    },
    "hendrycksTest-high_school_microeconomics": {
      "acc": 0.35714285714285715,
      "acc_stderr": 0.031124619309328177,
      "acc_norm": 0.35714285714285715,
      "acc_norm_stderr": 0.031124619309328177
    },
    "hendrycksTest-high_school_physics": {
      "acc": 0.2980132450331126,
      "acc_stderr": 0.03734535676787198,
      "acc_norm": 0.2980132450331126,
      "acc_norm_stderr": 0.03734535676787198
    },
    "hendrycksTest-high_school_psychology": {
      "acc": 0.5541284403669725,
      "acc_stderr": 0.02131133500970858,
      "acc_norm": 0.5541284403669725,
      "acc_norm_stderr": 0.02131133500970858
    },
    "hendrycksTest-high_school_statistics": {
      "acc": 0.30092592592592593,
      "acc_stderr": 0.031280390843298804,
      "acc_norm": 0.30092592592592593,
      "acc_norm_stderr": 0.031280390843298804
    },
    "hendrycksTest-high_school_us_history": {
      "acc": 0.553921568627451,
      "acc_stderr": 0.034888454513049734,
      "acc_norm": 0.553921568627451,
      "acc_norm_stderr": 0.034888454513049734
    },
    "hendrycksTest-high_school_world_history": {
      "acc": 0.5485232067510548,
      "acc_stderr": 0.0323936001739747,
      "acc_norm": 0.5485232067510548,
      "acc_norm_stderr": 0.0323936001739747
    },
    "hendrycksTest-human_aging": {
      "acc": 0.547085201793722,
      "acc_stderr": 0.03340867501923323,
      "acc_norm": 0.547085201793722,
      "acc_norm_stderr": 0.03340867501923323
    },
    "hendrycksTest-human_sexuality": {
      "acc": 0.5114503816793893,
      "acc_stderr": 0.04384140024078016,
      "acc_norm": 0.5114503816793893,
      "acc_norm_stderr": 0.04384140024078016
    },
    "hendrycksTest-international_law": {
      "acc": 0.628099173553719,
      "acc_stderr": 0.04412015806624504,
      "acc_norm": 0.628099173553719,
      "acc_norm_stderr": 0.04412015806624504
    },
    "hendrycksTest-jurisprudence": {
      "acc": 0.4444444444444444,
      "acc_stderr": 0.04803752235190193,
      "acc_norm": 0.4444444444444444,
      "acc_norm_stderr": 0.04803752235190193
    },
    "hendrycksTest-logical_fallacies": {
      "acc": 0.4662576687116564,
      "acc_stderr": 0.039194155450484096,
      "acc_norm": 0.4662576687116564,
      "acc_norm_stderr": 0.039194155450484096
    },
    "hendrycksTest-machine_learning": {
      "acc": 0.35714285714285715,
      "acc_stderr": 0.04547960999764376,
      "acc_norm": 0.35714285714285715,
      "acc_norm_stderr": 0.04547960999764376
    },
    "hendrycksTest-management": {
      "acc": 0.47572815533980584,
      "acc_stderr": 0.049449010929737795,
      "acc_norm": 0.47572815533980584,
      "acc_norm_stderr": 0.049449010929737795
    },
    "hendrycksTest-marketing": {
      "acc": 0.6068376068376068,
      "acc_stderr": 0.03199957924651047,