{
  "results": {
    "hendrycksTest-abstract_algebra": {
      "acc": 0.27,
      "acc_stderr": 0.044619604333847415,
      "acc_norm": 0.27,
      "acc_norm_stderr": 0.044619604333847415
    },
    "hendrycksTest-anatomy": {
      "acc": 0.4222222222222222,
      "acc_stderr": 0.04266763404099582,
      "acc_norm": 0.4222222222222222,
      "acc_norm_stderr": 0.04266763404099582
    },
    "hendrycksTest-astronomy": {
      "acc": 0.4144736842105263,
      "acc_stderr": 0.04008973785779206,
      "acc_norm": 0.4144736842105263,
      "acc_norm_stderr": 0.04008973785779206
    },
    "hendrycksTest-business_ethics": {
      "acc": 0.42,
      "acc_stderr": 0.049604496374885836,
      "acc_norm": 0.42,
      "acc_norm_stderr": 0.049604496374885836
    },
    "hendrycksTest-clinical_knowledge": {
      "acc": 0.3886792452830189,
      "acc_stderr": 0.030000485448675986,
      "acc_norm": 0.3886792452830189,
      "acc_norm_stderr": 0.030000485448675986
    },
    "hendrycksTest-college_biology": {
      "acc": 0.4166666666666667,
      "acc_stderr": 0.04122728707651282,
      "acc_norm": 0.4166666666666667,
      "acc_norm_stderr": 0.04122728707651282
    },
    "hendrycksTest-college_chemistry": {
      "acc": 0.26,
      "acc_stderr": 0.04408440022768079,
      "acc_norm": 0.26,
      "acc_norm_stderr": 0.04408440022768079
    },
    "hendrycksTest-college_computer_science": {
      "acc": 0.33,
      "acc_stderr": 0.047258156262526045,
      "acc_norm": 0.33,
      "acc_norm_stderr": 0.047258156262526045
    },
    "hendrycksTest-college_mathematics": {
      "acc": 0.36,
      "acc_stderr": 0.04824181513244218,
      "acc_norm": 0.36,
      "acc_norm_stderr": 0.04824181513244218
    },
    "hendrycksTest-college_medicine": {
      "acc": 0.3930635838150289,
      "acc_stderr": 0.0372424959581773,
      "acc_norm": 0.3930635838150289,
      "acc_norm_stderr": 0.0372424959581773
    },
    "hendrycksTest-college_physics": {
      "acc": 0.24509803921568626,
      "acc_stderr": 0.04280105837364395,
      "acc_norm": 0.24509803921568626,
      "acc_norm_stderr": 0.04280105837364395
    },
    "hendrycksTest-computer_security": {
      "acc": 0.47,
      "acc_stderr": 0.050161355804659205,
      "acc_norm": 0.47,
      "acc_norm_stderr": 0.050161355804659205
    },
    "hendrycksTest-conceptual_physics": {
      "acc": 0.33617021276595743,
      "acc_stderr": 0.030881618520676942,
      "acc_norm": 0.33617021276595743,
      "acc_norm_stderr": 0.030881618520676942
    },
    "hendrycksTest-econometrics": {
      "acc": 0.2631578947368421,
      "acc_stderr": 0.041424397194893624,
      "acc_norm": 0.2631578947368421,
      "acc_norm_stderr": 0.041424397194893624
    },
    "hendrycksTest-electrical_engineering": {
      "acc": 0.4896551724137931,
      "acc_stderr": 0.041657747757287644,
      "acc_norm": 0.4896551724137931,
      "acc_norm_stderr": 0.041657747757287644
    },
    "hendrycksTest-elementary_mathematics": {
      "acc": 0.30423280423280424,
      "acc_stderr": 0.023695415009463087,
      "acc_norm": 0.30423280423280424,
      "acc_norm_stderr": 0.023695415009463087
    },
    "hendrycksTest-formal_logic": {
      "acc": 0.25396825396825395,
      "acc_stderr": 0.03893259610604674,
      "acc_norm": 0.25396825396825395,
      "acc_norm_stderr": 0.03893259610604674
    },
    "hendrycksTest-global_facts": {
      "acc": 0.3,
      "acc_stderr": 0.046056618647183814,
      "acc_norm": 0.3,
      "acc_norm_stderr": 0.046056618647183814
    },
    "hendrycksTest-high_school_biology": {
      "acc": 0.3741935483870968,
      "acc_stderr": 0.027528904299845783,
      "acc_norm": 0.3741935483870968,
      "acc_norm_stderr": 0.027528904299845783
    },
    "hendrycksTest-high_school_chemistry": {
      "acc": 0.3251231527093596,
      "acc_stderr": 0.032957975663112704,
      "acc_norm": 0.3251231527093596,
      "acc_norm_stderr": 0.032957975663112704
    },
    "hendrycksTest-high_school_computer_science": {
      "acc": 0.38,
      "acc_stderr": 0.04878317312145633,
      "acc_norm": 0.38,
      "acc_norm_stderr": 0.04878317312145633
    },
    "hendrycksTest-high_school_european_history": {
      "acc": 0.3939393939393939,
      "acc_stderr": 0.0381549430868893,
      "acc_norm": 0.3939393939393939,
      "acc_norm_stderr": 0.0381549430868893
    },
    "hendrycksTest-high_school_geography": {
      "acc": 0.4292929292929293,
      "acc_stderr": 0.03526552724601199,
      "acc_norm": 0.4292929292929293,
      "acc_norm_stderr": 0.03526552724601199
    },
    "hendrycksTest-high_school_government_and_politics": {
      "acc": 0.5854922279792746,
      "acc_stderr": 0.03555300319557669,
      "acc_norm": 0.5854922279792746,
      "acc_norm_stderr": 0.03555300319557669
    },
    "hendrycksTest-high_school_macroeconomics": {
      "acc": 0.3923076923076923,
      "acc_stderr": 0.024756000382130945,
      "acc_norm": 0.3923076923076923,
      "acc_norm_stderr": 0.024756000382130945
    },
    "hendrycksTest-high_school_mathematics": {
      "acc": 0.31851851851851853,
      "acc_stderr": 0.028406533090608456,
      "acc_norm": 0.31851851851851853,
      "acc_norm_stderr": 0.028406533090608456
    },
    "hendrycksTest-high_school_microeconomics": {
      "acc": 0.35294117647058826,
      "acc_stderr": 0.031041941304059274,
      "acc_norm": 0.35294117647058826,
      "acc_norm_stderr": 0.031041941304059274
    },
    "hendrycksTest-high_school_physics": {
      "acc": 0.271523178807947,
      "acc_stderr": 0.03631329803969653,
      "acc_norm": 0.271523178807947,
      "acc_norm_stderr": 0.03631329803969653
    },
    "hendrycksTest-high_school_psychology": {
      "acc": 0.5211009174311927,
      "acc_stderr": 0.021418224754264643,
      "acc_norm": 0.5211009174311927,
      "acc_norm_stderr": 0.021418224754264643
    },
    "hendrycksTest-high_school_statistics": {
      "acc": 0.3194444444444444,
      "acc_stderr": 0.03179876342176851,
      "acc_norm": 0.3194444444444444,
      "acc_norm_stderr": 0.03179876342176851
    },
    "hendrycksTest-high_school_us_history": {
      "acc": 0.4950980392156863,
      "acc_stderr": 0.03509143375606787,
      "acc_norm": 0.4950980392156863,
      "acc_norm_stderr": 0.03509143375606787
    },
    "hendrycksTest-high_school_world_history": {
      "acc": 0.4767932489451477,
      "acc_stderr": 0.032512152011410174,
      "acc_norm": 0.4767932489451477,
      "acc_norm_stderr": 0.032512152011410174
    },
    "hendrycksTest-human_aging": {
      "acc": 0.5246636771300448,
      "acc_stderr": 0.03351695167652628,
      "acc_norm": 0.5246636771300448,
      "acc_norm_stderr": 0.03351695167652628
    },
    "hendrycksTest-human_sexuality": {
      "acc": 0.4122137404580153,
      "acc_stderr": 0.04317171194870255,
      "acc_norm": 0.4122137404580153,
      "acc_norm_stderr": 0.04317171194870255
    },
    "hendrycksTest-international_law": {
      "acc": 0.5289256198347108,
      "acc_stderr": 0.04556710331269498,
      "acc_norm": 0.5289256198347108,
      "acc_norm_stderr": 0.04556710331269498
    },
    "hendrycksTest-jurisprudence": {
      "acc": 0.4722222222222222,
      "acc_stderr": 0.04826217294139894,
      "acc_norm": 0.4722222222222222,
      "acc_norm_stderr": 0.04826217294139894
    },
    "hendrycksTest-logical_fallacies": {
      "acc": 0.43558282208588955,
      "acc_stderr": 0.038956324641389366,
      "acc_norm": 0.43558282208588955,
      "acc_norm_stderr": 0.038956324641389366
    },
    "hendrycksTest-machine_learning": {
      "acc": 0.32142857142857145,
      "acc_stderr": 0.044328040552915185,
      "acc_norm": 0.32142857142857145,
      "acc_norm_stderr": 0.044328040552915185
    },
    "hendrycksTest-management": {
      "acc": 0.36893203883495146,
      "acc_stderr": 0.0477761518115674,
      "acc_norm": 0.36893203883495146,
      "acc_norm_stderr": 0.0477761518115674
    },
    "hendrycksTest-marketing": {
      "acc": 0.5085470085470085,
      "acc_stderr": 0.0327513030009703,